Comment,Designator,Footprint,LCSC,Quantity
0.1u,"C1,C10,C11,C12,C4,C6,C8",C_0603_1608Metric_Pad1.08x0.95mm_HandSolder,C14663,7
100p,C13,C_0603_1608Metric_Pad1.08x0.95mm_HandSolder,C14858,1
10k,"R14,R17,R2,R4",R_0603_1608Metric,C25804,4
10u,"C3,C5,C9",C_0805_2012Metric_Pad1.18x1.45mm_HandSolder,C15850,3
1u,C7,CP_EIA-3216-10_Kemet-I_HandSolder,C1848,1
1u,C2,C_0805_2012Metric_Pad1.18x1.45mm_HandSolder,C28323,1
20,"R10,R11,R12,R18,R3,R5,R6,R7,R8,R9",R_0603_1608Metric,C22950,10
33,R13,R_0603_1608Metric,C23140,1
4.7k,"R15,R16",R_0603_1608Metric,C23162,2
47k,R19,R_0603_1608Metric,C25819,1
600R@100MHz,"FB1,FB2",L_0805_2012Metric,C1017,2
75,R1,R_0603_1608Metric,C4275,1
H5VL10B,D1,D_SOD-882,C7420372,1
Tang_Nano_20K,U2,DIP-40_TangNano20K,,1
Conn_01x04_Pin,J4,NS-Tech_Grove_1x04_P2mm_Vertical,,1
Conn_01x04_Pin,J5,NS-Tech_Grove_1x04_P2mm_Vertical,,1
RJ-2410N,J3,RJ2410N,,1
TestPoint,TP7,TestPoint_THTPad_D1.0mm_Drill0.5mm,,1
TestPoint,TP6,TestPoint_THTPad_D1.0mm_Drill0.5mm,,1
TestPoint,TP1,TestPoint_THTPad_D1.0mm_Drill0.5mm,,1
TestPoint,TP5,TestPoint_THTPad_D1.0mm_Drill0.5mm,,1
TestPoint,TP4,TestPoint_THTPad_D1.0mm_Drill0.5mm,,1
TestPoint,TP3,TestPoint_THTPad_D1.0mm_Drill0.5mm,,1
TestPoint,TP2,TestPoint_THTPad_D1.0mm_Drill0.5mm,,1
AD9280ARS,U1,SSOP-28_5.3x10.2mm_P0.65mm,,1
screw,J1,Altech_AK100_1x02_P5.00mm,,1
Conn_01x12_Pin,J2,PinHeader_2x06_P2.54mm_Vertical,,1
