Designator,Val,Package,Mid X,Mid Y,Rotation,Layer
C1,0.1u,C_0603_1608Metric_Pad1.08x0.95mm_HandSolder,152.8151,-40.95,0.0,top
C10,0.1u,C_0603_1608Metric_Pad1.08x0.95mm_HandSolder,146.4154,-44.6109,90.0,top
C11,0.1u,C_0603_1608Metric_Pad1.08x0.95mm_HandSolder,144.8914,-44.6087,90.0,top
C12,0.1u,C_0603_1608Metric_Pad1.08x0.95mm_HandSolder,143.3674,-44.6573,-90.0,top
C13,100p,C_0603_1608Metric_Pad1.08x0.95mm_HandSolder,153.1718,-44.2012,90.0,top
C2,1u,C_0805_2012Metric_Pad1.18x1.45mm_HandSolder,149.178,-52.6517,90.0,top
C3,10u,C_0805_2012Metric_Pad1.18x1.45mm_HandSolder,153.0311,-39.0144,0.0,top
C4,0.1u,C_0603_1608Metric_Pad1.08x0.95mm_HandSolder,152.6043,-32.5628,180.0,top
C5,10u,C_0805_2012Metric_Pad1.18x1.45mm_HandSolder,153.2128,-35.8355,-90.0,top
C6,0.1u,C_0603_1608Metric_Pad1.08x0.95mm_HandSolder,149.5142,-44.6065,-90.0,top
C7,1u,CP_EIA-3216-10_Kemet-I_HandSolder,136.7204,-37.4396,0.0,top
C8,0.1u,C_0603_1608Metric_Pad1.08x0.95mm_HandSolder,147.9902,-44.6065,-90.0,top
C9,10u,C_0805_2012Metric_Pad1.18x1.45mm_HandSolder,138.7348,-41.0249,90.0,top
D1,H5VL10B,D_SOD-882,149.178,-60.05,90.0,top
FB1,600R@100MHz,L_0805_2012Metric,160.65,-43.9928,-90.0,top
FB2,600R@100MHz,L_0805_2012Metric,159.5628,-34.34,-90.0,top
H1,MountingHole,MountingHole_2.7mm_M2.5,163.7284,-28.3972,0.0,top
H2,MountingHole,MountingHole_2.7mm_M2.5,163.7284,-47.8536,0.0,top
H3,MountingHole,MountingHole_2.7mm_M2.5,103.5812,-28.3972,0.0,top
H4,MountingHole,MountingHole_2.7mm_M2.5,103.378,-59.436,0.0,top
J1,screw,Altech_AK100_1x02_P5.00mm,142.5848,-57.5056,0.0,top
J2,Conn_01x12_Pin,PinHeader_2x06_P2.54mm_Vertical,114.4524,-55.2704,90.0,top
J3,RJ-2410N,RJ2410N,155.5485,-56.1848,180.0,top
J4,Conn_01x04_Pin,NS-Tech_Grove_1x04_P2mm_Vertical,127.1524,-56.2328,0.0,top
J5,Conn_01x04_Pin,NS-Tech_Grove_1x04_P2mm_Vertical,133.8872,-56.2328,0.0,top
R1,75,R_0603_1608Metric,149.178,-56.26,-90.0,top
R10,20,R_0603_1608Metric,139.405,-45.0018,90.0,top
R11,20,R_0603_1608Metric,114.3508,-46.0126,90.0,top
R12,20,R_0603_1608Metric,119.4308,-45.9618,90.0,top
R13,33,R_0603_1608Metric,110.0958,-46.6344,0.0,top
R14,10k,R_0603_1608Metric,135.5466,-41.656,0.0,top
R15,4.7k,R_0603_1608Metric,129.294,-36.0732,0.0,top
R16,4.7k,R_0603_1608Metric,129.2676,-40.2896,0.0,top
R17,10k,R_0603_1608Metric,135.5466,-39.7158,0.0,top
R18,20,R_0603_1608Metric,141.7926,-31.3366,90.0,top
R19,47k,R_0603_1608Metric,156.85,-43.7,90.0,top
R2,10k,R_0603_1608Metric,155.2956,-45.8602,90.0,top
R3,20,R_0603_1608Metric,151.089,-44.7722,-90.0,top
R4,10k,R_0603_1608Metric,135.5466,-43.5962,180.0,top
R5,20,R_0603_1608Metric,127.0508,-45.911,90.0,top
R6,20,R_0603_1608Metric,129.5908,-45.911,90.0,top
R7,20,R_0603_1608Metric,149.86,-31.2298,-90.0,top
R8,20,R_0603_1608Metric,114.3508,-31.7114,-90.0,top
R9,20,R_0603_1608Metric,137.16,-46.0126,90.0,top
TP1,TestPoint,TestPoint_THTPad_D1.0mm_Drill0.5mm,162.6616,-32.4104,0.0,top
TP2,TestPoint,TestPoint_THTPad_D1.0mm_Drill0.5mm,162.6616,-34.3408,0.0,top
TP3,TestPoint,TestPoint_THTPad_D1.0mm_Drill0.5mm,162.6616,-36.2712,0.0,top
TP4,TestPoint,TestPoint_THTPad_D1.0mm_Drill0.5mm,162.6616,-38.2016,0.0,top
TP5,TestPoint,TestPoint_THTPad_D1.0mm_Drill0.5mm,162.6616,-40.132,0.0,top
TP6,TestPoint,TestPoint_THTPad_D1.0mm_Drill0.5mm,162.6616,-42.0624,0.0,top
TP7,TestPoint,TestPoint_THTPad_D1.0mm_Drill0.5mm,162.6616,-43.9928,0.0,top
U1,AD9280ARS,SSOP-28_5.3x10.2mm_P0.65mm,145.3896,-38.1,180.0,top
U2,Tang_Nano_20K,DIP-40_TangNano20K,133.4008,-38.6588,0.0,top
